[
    {
        "index": 0,
        "timestamp": "2025-12-04 14:28:27.566367",
        "user_query": "Genesis Block",
        "sql_query": "N/A",
        "previous_hash": "0",
        "hash": "d8c3da0c05de7875d5f68525eb9386162cbba9223cdb9bf18f8dd9698baec7bb"
    },
    {
        "index": 1,
        "timestamp": "2025-12-04 14:28:27.608872",
        "user_query": "Inserted SKU SKU0 from CSV",
        "sql_query": "INSERT operations for SKU SKU0",
        "previous_hash": "d8c3da0c05de7875d5f68525eb9386162cbba9223cdb9bf18f8dd9698baec7bb",
        "hash": "ecd8241d81adf6b4e738b0365993e037f678af706f0ea11d6ef434a28f9d1c22"
    },
    {
        "index": 2,
        "timestamp": "2025-12-04 14:28:27.621885",
        "user_query": "Inserted SKU SKU1 from CSV",
        "sql_query": "INSERT operations for SKU SKU1",
        "previous_hash": "ecd8241d81adf6b4e738b0365993e037f678af706f0ea11d6ef434a28f9d1c22",
        "hash": "874865513e8f7c21dedac2085d523b48d18a772b1901ab753199d918d98c5e7e"
    },
    {
        "index": 3,
        "timestamp": "2025-12-04 14:28:27.639920",
        "user_query": "Inserted SKU SKU2 from CSV",
        "sql_query": "INSERT operations for SKU SKU2",
        "previous_hash": "874865513e8f7c21dedac2085d523b48d18a772b1901ab753199d918d98c5e7e",
        "hash": "dab8e14b52990a3fc889de70ec0df8f6c1478ab55a5661dc2828579f68de8d45"
    },
    {
        "index": 4,
        "timestamp": "2025-12-04 14:28:27.655634",
        "user_query": "Inserted SKU SKU3 from CSV",
        "sql_query": "INSERT operations for SKU SKU3",
        "previous_hash": "dab8e14b52990a3fc889de70ec0df8f6c1478ab55a5661dc2828579f68de8d45",
        "hash": "601a05c18ea5172ad037dc6cf696cc241bd18e65d0303ab117d3ab816da83c54"
    },
    {
        "index": 5,
        "timestamp": "2025-12-04 14:28:27.670633",
        "user_query": "Inserted SKU SKU4 from CSV",
        "sql_query": "INSERT operations for SKU SKU4",
        "previous_hash": "601a05c18ea5172ad037dc6cf696cc241bd18e65d0303ab117d3ab816da83c54",
        "hash": "ff295acfb42071e3896a8378a21e2767ca5f78b9b9bfbab5944ab0d500771690"
    },
    {
        "index": 6,
        "timestamp": "2025-12-04 14:28:27.684258",
        "user_query": "Inserted SKU SKU5 from CSV",
        "sql_query": "INSERT operations for SKU SKU5",
        "previous_hash": "ff295acfb42071e3896a8378a21e2767ca5f78b9b9bfbab5944ab0d500771690",
        "hash": "7839d311a7eea0008de9147aabb78d4d2b2a16b58b0f85899eaa96e588d9c5fa"
    },
    {
        "index": 7,
        "timestamp": "2025-12-04 14:28:27.694982",
        "user_query": "Inserted SKU SKU6 from CSV",
        "sql_query": "INSERT operations for SKU SKU6",
        "previous_hash": "7839d311a7eea0008de9147aabb78d4d2b2a16b58b0f85899eaa96e588d9c5fa",
        "hash": "b1b6fb5d1df2068ca55a4c8c44605ae872cbbdb1d570594e34e9e1466067b165"
    },
    {
        "index": 8,
        "timestamp": "2025-12-04 14:28:27.712439",
        "user_query": "Inserted SKU SKU7 from CSV",
        "sql_query": "INSERT operations for SKU SKU7",
        "previous_hash": "b1b6fb5d1df2068ca55a4c8c44605ae872cbbdb1d570594e34e9e1466067b165",
        "hash": "c97c2036b50d39357b2ab30949694a5872c6431e2bcc740be82e4189b7c3ec60"
    },
    {
        "index": 9,
        "timestamp": "2025-12-04 14:28:27.725680",
        "user_query": "Inserted SKU SKU8 from CSV",
        "sql_query": "INSERT operations for SKU SKU8",
        "previous_hash": "c97c2036b50d39357b2ab30949694a5872c6431e2bcc740be82e4189b7c3ec60",
        "hash": "28a2d1d02dd82964328e9fee5bf7a1fb29020fdb01ac0675315aa7f665cb7147"
    },
    {
        "index": 10,
        "timestamp": "2025-12-04 14:28:27.746230",
        "user_query": "Inserted SKU SKU9 from CSV",
        "sql_query": "INSERT operations for SKU SKU9",
        "previous_hash": "28a2d1d02dd82964328e9fee5bf7a1fb29020fdb01ac0675315aa7f665cb7147",
        "hash": "317c865290a14488718d6c50c6d00890a6c4701bf3ac34ae286b17a916ecb316"
    },
    {
        "index": 11,
        "timestamp": "2025-12-04 14:28:27.761769",
        "user_query": "Inserted SKU SKU10 from CSV",
        "sql_query": "INSERT operations for SKU SKU10",
        "previous_hash": "317c865290a14488718d6c50c6d00890a6c4701bf3ac34ae286b17a916ecb316",
        "hash": "4b58d56f799f91b353319c5e4fb00e664aee2b84fed1ac26c4ebfbe3a1b02552"
    },
    {
        "index": 12,
        "timestamp": "2025-12-04 14:28:27.774811",
        "user_query": "Inserted SKU SKU11 from CSV",
        "sql_query": "INSERT operations for SKU SKU11",
        "previous_hash": "4b58d56f799f91b353319c5e4fb00e664aee2b84fed1ac26c4ebfbe3a1b02552",
        "hash": "f19b4c0ecd455a09996cf69be31987c489fb38dbe593e6a3ba9b420146ac82e4"
    },
    {
        "index": 13,
        "timestamp": "2025-12-04 14:28:27.793144",
        "user_query": "Inserted SKU SKU12 from CSV",
        "sql_query": "INSERT operations for SKU SKU12",
        "previous_hash": "f19b4c0ecd455a09996cf69be31987c489fb38dbe593e6a3ba9b420146ac82e4",
        "hash": "d09856c9d15ba6b4c770501217459bbec514bb12d2d50f193d0dcc8773b5a869"
    },
    {
        "index": 14,
        "timestamp": "2025-12-04 14:28:27.808722",
        "user_query": "Inserted SKU SKU13 from CSV",
        "sql_query": "INSERT operations for SKU SKU13",
        "previous_hash": "d09856c9d15ba6b4c770501217459bbec514bb12d2d50f193d0dcc8773b5a869",
        "hash": "925d5945aa953a1572dbabd8679bcf85c3d58d0d95cb6ee73de178db9bf8b55b"
    },
    {
        "index": 15,
        "timestamp": "2025-12-04 14:28:27.822319",
        "user_query": "Inserted SKU SKU14 from CSV",
        "sql_query": "INSERT operations for SKU SKU14",
        "previous_hash": "925d5945aa953a1572dbabd8679bcf85c3d58d0d95cb6ee73de178db9bf8b55b",
        "hash": "c49a94cc58d6914f7b5ddc4716b3791a8ab96fa1057d625702dca983c1f7aa11"
    },
    {
        "index": 16,
        "timestamp": "2025-12-04 14:28:27.837498",
        "user_query": "Inserted SKU SKU15 from CSV",
        "sql_query": "INSERT operations for SKU SKU15",
        "previous_hash": "c49a94cc58d6914f7b5ddc4716b3791a8ab96fa1057d625702dca983c1f7aa11",
        "hash": "d4719821e4516d130b66e5a15f580a3a34aaa66aed82812ece64d1b85264ec7a"
    },
    {
        "index": 17,
        "timestamp": "2025-12-04 14:28:27.852722",
        "user_query": "Inserted SKU SKU16 from CSV",
        "sql_query": "INSERT operations for SKU SKU16",
        "previous_hash": "d4719821e4516d130b66e5a15f580a3a34aaa66aed82812ece64d1b85264ec7a",
        "hash": "64de4871c2cd2b74101aea401d0b66f08f9db9b5e47a180440dd0aa02eeebf2b"
    },
    {
        "index": 18,
        "timestamp": "2025-12-04 14:28:27.864604",
        "user_query": "Inserted SKU SKU17 from CSV",
        "sql_query": "INSERT operations for SKU SKU17",
        "previous_hash": "64de4871c2cd2b74101aea401d0b66f08f9db9b5e47a180440dd0aa02eeebf2b",
        "hash": "17467b0eff45e7c13961374bbe75612b005c10d374365a641e39f18b36c2edf1"
    },
    {
        "index": 19,
        "timestamp": "2025-12-04 14:28:27.885718",
        "user_query": "Inserted SKU SKU18 from CSV",
        "sql_query": "INSERT operations for SKU SKU18",
        "previous_hash": "17467b0eff45e7c13961374bbe75612b005c10d374365a641e39f18b36c2edf1",
        "hash": "08d4457b7e75e0afa18c0557febd7c675eda5ecb274355f04a136b949b6e86c4"
    },
    {
        "index": 20,
        "timestamp": "2025-12-04 14:28:27.910987",
        "user_query": "Inserted SKU SKU19 from CSV",
        "sql_query": "INSERT operations for SKU SKU19",
        "previous_hash": "08d4457b7e75e0afa18c0557febd7c675eda5ecb274355f04a136b949b6e86c4",
        "hash": "e22bd3c44ad7cef322c7ca449bcf1eb6a49f24d176b5ad78dceac5b000bc6ebb"
    },
    {
        "index": 21,
        "timestamp": "2025-12-04 14:28:27.924747",
        "user_query": "Inserted SKU SKU20 from CSV",
        "sql_query": "INSERT operations for SKU SKU20",
        "previous_hash": "e22bd3c44ad7cef322c7ca449bcf1eb6a49f24d176b5ad78dceac5b000bc6ebb",
        "hash": "f4cd7b99f297a882d62a76d9f7281a54a6b6049bf51bf095b1d29dfecb5f5910"
    },
    {
        "index": 22,
        "timestamp": "2025-12-04 14:28:27.939627",
        "user_query": "Inserted SKU SKU21 from CSV",
        "sql_query": "INSERT operations for SKU SKU21",
        "previous_hash": "f4cd7b99f297a882d62a76d9f7281a54a6b6049bf51bf095b1d29dfecb5f5910",
        "hash": "a275d4ab75a19c04d56a57dc85daab198415379ace18e4599e172c0657e4875e"
    },
    {
        "index": 23,
        "timestamp": "2025-12-04 14:28:27.954079",
        "user_query": "Inserted SKU SKU22 from CSV",
        "sql_query": "INSERT operations for SKU SKU22",
        "previous_hash": "a275d4ab75a19c04d56a57dc85daab198415379ace18e4599e172c0657e4875e",
        "hash": "85f24567ce68566325ea5c93ef9dfd5c87a0f07de0783041b9b1519d5f700b0f"
    },
    {
        "index": 24,
        "timestamp": "2025-12-04 14:28:27.963035",
        "user_query": "Inserted SKU SKU23 from CSV",
        "sql_query": "INSERT operations for SKU SKU23",
        "previous_hash": "85f24567ce68566325ea5c93ef9dfd5c87a0f07de0783041b9b1519d5f700b0f",
        "hash": "fe646670f68c3b66f10046ddd8073ddee75972547a1d92c52d5ab7b308fa5d67"
    },
    {
        "index": 25,
        "timestamp": "2025-12-04 14:28:27.978899",
        "user_query": "Inserted SKU SKU24 from CSV",
        "sql_query": "INSERT operations for SKU SKU24",
        "previous_hash": "fe646670f68c3b66f10046ddd8073ddee75972547a1d92c52d5ab7b308fa5d67",
        "hash": "5d336075feff4addd051cae58a6f75b915a48b3f591bedc819c76c5e4441799f"
    },
    {
        "index": 26,
        "timestamp": "2025-12-04 14:28:28.000367",
        "user_query": "Inserted SKU SKU25 from CSV",
        "sql_query": "INSERT operations for SKU SKU25",
        "previous_hash": "5d336075feff4addd051cae58a6f75b915a48b3f591bedc819c76c5e4441799f",
        "hash": "eba089d94434b68ef492c37796f6a9f5c75509fde0e8a6917f7181944fd51bd5"
    },
    {
        "index": 27,
        "timestamp": "2025-12-04 14:28:28.015942",
        "user_query": "Inserted SKU SKU26 from CSV",
        "sql_query": "INSERT operations for SKU SKU26",
        "previous_hash": "eba089d94434b68ef492c37796f6a9f5c75509fde0e8a6917f7181944fd51bd5",
        "hash": "02dad4f0448d8331b3efe87c214772b052058519242d0bcbd317969d8d7094a5"
    },
    {
        "index": 28,
        "timestamp": "2025-12-04 14:28:28.030839",
        "user_query": "Inserted SKU SKU27 from CSV",
        "sql_query": "INSERT operations for SKU SKU27",
        "previous_hash": "02dad4f0448d8331b3efe87c214772b052058519242d0bcbd317969d8d7094a5",
        "hash": "484e7da688519c585788100cbc06d5f3105991e6fab34d36be01de8735718afa"
    },
    {
        "index": 29,
        "timestamp": "2025-12-04 14:28:28.045737",
        "user_query": "Inserted SKU SKU28 from CSV",
        "sql_query": "INSERT operations for SKU SKU28",
        "previous_hash": "484e7da688519c585788100cbc06d5f3105991e6fab34d36be01de8735718afa",
        "hash": "366ac01bd3ee387018f20ee7f43dd8fb2d09e0632f1e61fa5a5441f67aa9993e"
    },
    {
        "index": 30,
        "timestamp": "2025-12-04 14:28:28.061362",
        "user_query": "Inserted SKU SKU29 from CSV",
        "sql_query": "INSERT operations for SKU SKU29",
        "previous_hash": "366ac01bd3ee387018f20ee7f43dd8fb2d09e0632f1e61fa5a5441f67aa9993e",
        "hash": "22fbe2917b96bf4a5297d5b7debd50c74f2653884d65c0720bf77df520d5bcb6"
    },
    {
        "index": 31,
        "timestamp": "2025-12-04 14:28:28.063913",
        "user_query": "Inserted SKU SKU30 from CSV",
        "sql_query": "INSERT operations for SKU SKU30",
        "previous_hash": "22fbe2917b96bf4a5297d5b7debd50c74f2653884d65c0720bf77df520d5bcb6",
        "hash": "e70025a8178b6a8905a825bd6ab6a0e0ed2f28ef3dbcf83f1ef283832f8fab13"
    },
    {
        "index": 32,
        "timestamp": "2025-12-04 14:28:28.090830",
        "user_query": "Inserted SKU SKU31 from CSV",
        "sql_query": "INSERT operations for SKU SKU31",
        "previous_hash": "e70025a8178b6a8905a825bd6ab6a0e0ed2f28ef3dbcf83f1ef283832f8fab13",
        "hash": "dffa582a306fbfff48cb2c3b7df84f4f1b6a3a071386056ea577580df1419081"
    },
    {
        "index": 33,
        "timestamp": "2025-12-04 14:28:28.106470",
        "user_query": "Inserted SKU SKU32 from CSV",
        "sql_query": "INSERT operations for SKU SKU32",
        "previous_hash": "dffa582a306fbfff48cb2c3b7df84f4f1b6a3a071386056ea577580df1419081",
        "hash": "5be5c3d5973b3f1e973d3a414d629d4cf362edcab145a30fc35d3dac3a22ccab"
    },
    {
        "index": 34,
        "timestamp": "2025-12-04 14:28:28.113403",
        "user_query": "Inserted SKU SKU33 from CSV",
        "sql_query": "INSERT operations for SKU SKU33",
        "previous_hash": "5be5c3d5973b3f1e973d3a414d629d4cf362edcab145a30fc35d3dac3a22ccab",
        "hash": "28b64a29bc795c4d54ad7101437134769cccdbb3cdf3e8b9b09432eca686df8d"
    },
    {
        "index": 35,
        "timestamp": "2025-12-04 14:28:28.137187",
        "user_query": "Inserted SKU SKU34 from CSV",
        "sql_query": "INSERT operations for SKU SKU34",
        "previous_hash": "28b64a29bc795c4d54ad7101437134769cccdbb3cdf3e8b9b09432eca686df8d",
        "hash": "d9ee3fd40bc0bc731cbb0280588f0b7e26018ee1c25c8a75ce4462a82f02383a"
    },
    {
        "index": 36,
        "timestamp": "2025-12-04 14:28:28.153786",
        "user_query": "Inserted SKU SKU35 from CSV",
        "sql_query": "INSERT operations for SKU SKU35",
        "previous_hash": "d9ee3fd40bc0bc731cbb0280588f0b7e26018ee1c25c8a75ce4462a82f02383a",
        "hash": "ba04812512db741f12818bbc8364443dc20a8ee06b37356a8385770b8f29e997"
    },
    {
        "index": 37,
        "timestamp": "2025-12-04 14:28:28.171613",
        "user_query": "Inserted SKU SKU36 from CSV",
        "sql_query": "INSERT operations for SKU SKU36",
        "previous_hash": "ba04812512db741f12818bbc8364443dc20a8ee06b37356a8385770b8f29e997",
        "hash": "a2940d0572a9f34e35301cc507912bc8ba511c6ec7f6c4a9296b16ca27f3ecc8"
    },
    {
        "index": 38,
        "timestamp": "2025-12-04 14:28:28.187470",
        "user_query": "Inserted SKU SKU37 from CSV",
        "sql_query": "INSERT operations for SKU SKU37",
        "previous_hash": "a2940d0572a9f34e35301cc507912bc8ba511c6ec7f6c4a9296b16ca27f3ecc8",
        "hash": "e2e8f08f865f8ae5304a9f15ad579f5c406dc207f10dcdc3b04c5bc2974d73a4"
    },
    {
        "index": 39,
        "timestamp": "2025-12-04 14:28:28.204549",
        "user_query": "Inserted SKU SKU38 from CSV",
        "sql_query": "INSERT operations for SKU SKU38",
        "previous_hash": "e2e8f08f865f8ae5304a9f15ad579f5c406dc207f10dcdc3b04c5bc2974d73a4",
        "hash": "210380a66b401db8029a2578442ce3a24574372c8dc97957a7b5cfa6cd9c98db"
    },
    {
        "index": 40,
        "timestamp": "2025-12-04 14:28:28.218766",
        "user_query": "Inserted SKU SKU39 from CSV",
        "sql_query": "INSERT operations for SKU SKU39",
        "previous_hash": "210380a66b401db8029a2578442ce3a24574372c8dc97957a7b5cfa6cd9c98db",
        "hash": "78b65933aefdd2a4ae1c09499b62ffc6927acb83618e67c56e02bc1c18df9fd3"
    },
    {
        "index": 41,
        "timestamp": "2025-12-04 14:28:28.236164",
        "user_query": "Inserted SKU SKU40 from CSV",
        "sql_query": "INSERT operations for SKU SKU40",
        "previous_hash": "78b65933aefdd2a4ae1c09499b62ffc6927acb83618e67c56e02bc1c18df9fd3",
        "hash": "5ffd7c55dd524715f111fc7c7f433d8460081f82eb7fa5628abd54b4e70e592f"
    },
    {
        "index": 42,
        "timestamp": "2025-12-04 14:28:28.252227",
        "user_query": "Inserted SKU SKU41 from CSV",
        "sql_query": "INSERT operations for SKU SKU41",
        "previous_hash": "5ffd7c55dd524715f111fc7c7f433d8460081f82eb7fa5628abd54b4e70e592f",
        "hash": "5f15f1cb966eb3eeb4d992657a730e6d9be7822b222dddc26d676cdabec518f4"
    },
    {
        "index": 43,
        "timestamp": "2025-12-04 14:28:28.262820",
        "user_query": "Inserted SKU SKU42 from CSV",
        "sql_query": "INSERT operations for SKU SKU42",
        "previous_hash": "5f15f1cb966eb3eeb4d992657a730e6d9be7822b222dddc26d676cdabec518f4",
        "hash": "54588c871edb9ce159433b610a9ab58b61b81c902cbb70983eedee542e6846dc"
    },
    {
        "index": 44,
        "timestamp": "2025-12-04 14:28:28.286360",
        "user_query": "Inserted SKU SKU43 from CSV",
        "sql_query": "INSERT operations for SKU SKU43",
        "previous_hash": "54588c871edb9ce159433b610a9ab58b61b81c902cbb70983eedee542e6846dc",
        "hash": "10a96bfe01e853b80f9714336f34bf28ff2d43ceb7ec492abf5119bddffce663"
    },
    {
        "index": 45,
        "timestamp": "2025-12-04 14:28:28.302197",
        "user_query": "Inserted SKU SKU44 from CSV",
        "sql_query": "INSERT operations for SKU SKU44",
        "previous_hash": "10a96bfe01e853b80f9714336f34bf28ff2d43ceb7ec492abf5119bddffce663",
        "hash": "99ce7c2c4c1cb93c66feb791fd209c3cc7863bdcc681254c297c60bb51f216cb"
    },
    {
        "index": 46,
        "timestamp": "2025-12-04 14:28:28.317501",
        "user_query": "Inserted SKU SKU45 from CSV",
        "sql_query": "INSERT operations for SKU SKU45",
        "previous_hash": "99ce7c2c4c1cb93c66feb791fd209c3cc7863bdcc681254c297c60bb51f216cb",
        "hash": "5d91e90002c71d00df0f7be5b80a3f76779e992112b0611118493828c24ef534"
    },
    {
        "index": 47,
        "timestamp": "2025-12-04 14:28:28.329440",
        "user_query": "Inserted SKU SKU46 from CSV",
        "sql_query": "INSERT operations for SKU SKU46",
        "previous_hash": "5d91e90002c71d00df0f7be5b80a3f76779e992112b0611118493828c24ef534",
        "hash": "b76645cca7b0ccbe8d438414d220f411db0e05e45c9c0acbaa0219df909bead1"
    },
    {
        "index": 48,
        "timestamp": "2025-12-04 14:28:28.346629",
        "user_query": "Inserted SKU SKU47 from CSV",
        "sql_query": "INSERT operations for SKU SKU47",
        "previous_hash": "b76645cca7b0ccbe8d438414d220f411db0e05e45c9c0acbaa0219df909bead1",
        "hash": "3846f977a8f26cab216c24d3bdfbdc856581152863ca6a7af43770593327dc00"
    },
    {
        "index": 49,
        "timestamp": "2025-12-04 14:28:28.366340",
        "user_query": "Inserted SKU SKU48 from CSV",
        "sql_query": "INSERT operations for SKU SKU48",
        "previous_hash": "3846f977a8f26cab216c24d3bdfbdc856581152863ca6a7af43770593327dc00",
        "hash": "fde167aaa44d80ff27a90cd0ed88d689eb9475ec1266088a4bc22e8bfda86fc7"
    },
    {
        "index": 50,
        "timestamp": "2025-12-04 14:28:28.380490",
        "user_query": "Inserted SKU SKU49 from CSV",
        "sql_query": "INSERT operations for SKU SKU49",
        "previous_hash": "fde167aaa44d80ff27a90cd0ed88d689eb9475ec1266088a4bc22e8bfda86fc7",
        "hash": "76818ae109f708bb2e1e483924e11a1fc545956943dab4114230f7edb2a10d70"
    },
    {
        "index": 51,
        "timestamp": "2025-12-04 14:28:28.404348",
        "user_query": "Inserted SKU SKU50 from CSV",
        "sql_query": "INSERT operations for SKU SKU50",
        "previous_hash": "76818ae109f708bb2e1e483924e11a1fc545956943dab4114230f7edb2a10d70",
        "hash": "d54ae832441a632dec086c4cb7faf0f8bd820117d007c802d61bbc2813b7f818"
    },
    {
        "index": 52,
        "timestamp": "2025-12-04 14:28:28.421384",
        "user_query": "Inserted SKU SKU51 from CSV",
        "sql_query": "INSERT operations for SKU SKU51",
        "previous_hash": "d54ae832441a632dec086c4cb7faf0f8bd820117d007c802d61bbc2813b7f818",
        "hash": "a52b1501163814e24ad07c1f41b6599503c0f8eaf6c56f522046102e4e52435d"
    },
    {
        "index": 53,
        "timestamp": "2025-12-04 14:28:28.440279",
        "user_query": "Inserted SKU SKU52 from CSV",
        "sql_query": "INSERT operations for SKU SKU52",
        "previous_hash": "a52b1501163814e24ad07c1f41b6599503c0f8eaf6c56f522046102e4e52435d",
        "hash": "41f9f5205f07c9cb77981ead47585efbb1d61be2d7510b8197ca7e3fd2295900"
    },
    {
        "index": 54,
        "timestamp": "2025-12-04 14:28:28.456721",
        "user_query": "Inserted SKU SKU53 from CSV",
        "sql_query": "INSERT operations for SKU SKU53",
        "previous_hash": "41f9f5205f07c9cb77981ead47585efbb1d61be2d7510b8197ca7e3fd2295900",
        "hash": "8b2d93a9a3808410e315f280896f2425fa483ffd60e0230e8a86c13c0ee8c16b"
    },
    {
        "index": 55,
        "timestamp": "2025-12-04 14:28:28.473911",
        "user_query": "Inserted SKU SKU54 from CSV",
        "sql_query": "INSERT operations for SKU SKU54",
        "previous_hash": "8b2d93a9a3808410e315f280896f2425fa483ffd60e0230e8a86c13c0ee8c16b",
        "hash": "d2ea955de04f273ddb5cd5c5bc2c6254d247867fb09a0cecd4869f9f52fe81f5"
    },
    {
        "index": 56,
        "timestamp": "2025-12-04 14:28:28.488261",
        "user_query": "Inserted SKU SKU55 from CSV",
        "sql_query": "INSERT operations for SKU SKU55",
        "previous_hash": "d2ea955de04f273ddb5cd5c5bc2c6254d247867fb09a0cecd4869f9f52fe81f5",
        "hash": "782532eb4e2d98b5c5370c5c7ef5e26379e60f26080ce2eaaa3ed11a1a607ddb"
    },
    {
        "index": 57,
        "timestamp": "2025-12-04 14:28:28.505817",
        "user_query": "Inserted SKU SKU56 from CSV",
        "sql_query": "INSERT operations for SKU SKU56",
        "previous_hash": "782532eb4e2d98b5c5370c5c7ef5e26379e60f26080ce2eaaa3ed11a1a607ddb",
        "hash": "85551f491d275136f3ddfefa5a3935db3e30ad698e1688f7c6db6294fc5ca159"
    },
    {
        "index": 58,
        "timestamp": "2025-12-04 14:28:28.522397",
        "user_query": "Inserted SKU SKU57 from CSV",
        "sql_query": "INSERT operations for SKU SKU57",
        "previous_hash": "85551f491d275136f3ddfefa5a3935db3e30ad698e1688f7c6db6294fc5ca159",
        "hash": "78ab163d185f03230f6e07b3168767d5c2f046a19b1c5ce0fc19bd4c3f681db9"
    },
    {
        "index": 59,
        "timestamp": "2025-12-04 14:28:28.539628",
        "user_query": "Inserted SKU SKU58 from CSV",
        "sql_query": "INSERT operations for SKU SKU58",
        "previous_hash": "78ab163d185f03230f6e07b3168767d5c2f046a19b1c5ce0fc19bd4c3f681db9",
        "hash": "aebb814076f5e45b9d49f456218d749f72ed052be9acca88e815f822f4905e43"
    },
    {
        "index": 60,
        "timestamp": "2025-12-04 14:28:28.555561",
        "user_query": "Inserted SKU SKU59 from CSV",
        "sql_query": "INSERT operations for SKU SKU59",
        "previous_hash": "aebb814076f5e45b9d49f456218d749f72ed052be9acca88e815f822f4905e43",
        "hash": "9650f0d91088bb153cf76672c7c1c92fa09b62b6fcd9d214af7686cbef20a43b"
    },
    {
        "index": 61,
        "timestamp": "2025-12-04 14:28:28.571265",
        "user_query": "Inserted SKU SKU60 from CSV",
        "sql_query": "INSERT operations for SKU SKU60",
        "previous_hash": "9650f0d91088bb153cf76672c7c1c92fa09b62b6fcd9d214af7686cbef20a43b",
        "hash": "1a96151570d7dc4aa04b113054d5b754b05cd06bf06a246830192c9873f3e038"
    },
    {
        "index": 62,
        "timestamp": "2025-12-04 14:28:28.588055",
        "user_query": "Inserted SKU SKU61 from CSV",
        "sql_query": "INSERT operations for SKU SKU61",
        "previous_hash": "1a96151570d7dc4aa04b113054d5b754b05cd06bf06a246830192c9873f3e038",
        "hash": "651a620eb4d1fa79e0f9a2ea8a692bc008c08c19e3966d70a7fc92e2684e807e"
    },
    {
        "index": 63,
        "timestamp": "2025-12-04 14:28:28.604826",
        "user_query": "Inserted SKU SKU62 from CSV",
        "sql_query": "INSERT operations for SKU SKU62",
        "previous_hash": "651a620eb4d1fa79e0f9a2ea8a692bc008c08c19e3966d70a7fc92e2684e807e",
        "hash": "c335c9881dd721ac6a21ccbd4eae02aad97b9e10128dc76cbe534d0e850cbbf3"
    },
    {
        "index": 64,
        "timestamp": "2025-12-04 14:28:28.622139",
        "user_query": "Inserted SKU SKU63 from CSV",
        "sql_query": "INSERT operations for SKU SKU63",
        "previous_hash": "c335c9881dd721ac6a21ccbd4eae02aad97b9e10128dc76cbe534d0e850cbbf3",
        "hash": "7bae354b9d5347658c6d6e9095516b322604769ada14e6961829cc71bc52457f"
    },
    {
        "index": 65,
        "timestamp": "2025-12-04 14:28:28.638210",
        "user_query": "Inserted SKU SKU64 from CSV",
        "sql_query": "INSERT operations for SKU SKU64",
        "previous_hash": "7bae354b9d5347658c6d6e9095516b322604769ada14e6961829cc71bc52457f",
        "hash": "9d5121228f14c7c2b1f2c9eb0a419b93d1694cdde0baf43fd53f273abd6ed974"
    },
    {
        "index": 66,
        "timestamp": "2025-12-04 14:28:28.654062",
        "user_query": "Inserted SKU SKU65 from CSV",
        "sql_query": "INSERT operations for SKU SKU65",
        "previous_hash": "9d5121228f14c7c2b1f2c9eb0a419b93d1694cdde0baf43fd53f273abd6ed974",
        "hash": "3d869d2998a6c0bc292a507ca394854b548c45af6ce27aec527f28d3855891fa"
    },
    {
        "index": 67,
        "timestamp": "2025-12-04 14:28:28.670027",
        "user_query": "Inserted SKU SKU66 from CSV",
        "sql_query": "INSERT operations for SKU SKU66",
        "previous_hash": "3d869d2998a6c0bc292a507ca394854b548c45af6ce27aec527f28d3855891fa",
        "hash": "670496f39e65409ed9d05585f82c27b25237f5f4f392d575bb8bbc1dbb97cd2d"
    },
    {
        "index": 68,
        "timestamp": "2025-12-04 14:28:28.689817",
        "user_query": "Inserted SKU SKU67 from CSV",
        "sql_query": "INSERT operations for SKU SKU67",
        "previous_hash": "670496f39e65409ed9d05585f82c27b25237f5f4f392d575bb8bbc1dbb97cd2d",
        "hash": "8b06afd2017c9b9fc9e00c53921797918b128b90bb776d57652db797b5127a6c"
    },
    {
        "index": 69,
        "timestamp": "2025-12-04 14:28:28.706613",
        "user_query": "Inserted SKU SKU68 from CSV",
        "sql_query": "INSERT operations for SKU SKU68",
        "previous_hash": "8b06afd2017c9b9fc9e00c53921797918b128b90bb776d57652db797b5127a6c",
        "hash": "1e0afbe3461eb35627ccd21a5445132bfbb82621ac9b28cc88ce0bcc372eeecc"
    },
    {
        "index": 70,
        "timestamp": "2025-12-04 14:28:28.724963",
        "user_query": "Inserted SKU SKU69 from CSV",
        "sql_query": "INSERT operations for SKU SKU69",
        "previous_hash": "1e0afbe3461eb35627ccd21a5445132bfbb82621ac9b28cc88ce0bcc372eeecc",
        "hash": "ce2f55468f15d73c5326141f3fe7250f49e2a2ecbcd8327f2f7eae235c95975a"
    },
    {
        "index": 71,
        "timestamp": "2025-12-04 14:28:28.740839",
        "user_query": "Inserted SKU SKU70 from CSV",
        "sql_query": "INSERT operations for SKU SKU70",
        "previous_hash": "ce2f55468f15d73c5326141f3fe7250f49e2a2ecbcd8327f2f7eae235c95975a",
        "hash": "afc4f943e1041bf306982946a37c793063dc92c6775cb4afabaec2bbe67ca6c0"
    },
    {
        "index": 72,
        "timestamp": "2025-12-04 14:28:28.754540",
        "user_query": "Inserted SKU SKU71 from CSV",
        "sql_query": "INSERT operations for SKU SKU71",
        "previous_hash": "afc4f943e1041bf306982946a37c793063dc92c6775cb4afabaec2bbe67ca6c0",
        "hash": "1b3274ee6e7ca9dec6c0b944ec52d27bb379d061860934b9304210b48028a5f8"
    },
    {
        "index": 73,
        "timestamp": "2025-12-04 14:28:28.776689",
        "user_query": "Inserted SKU SKU72 from CSV",
        "sql_query": "INSERT operations for SKU SKU72",
        "previous_hash": "1b3274ee6e7ca9dec6c0b944ec52d27bb379d061860934b9304210b48028a5f8",
        "hash": "ba80c2d6022c5e4c7b4c821ca57347c578753133b7be2f35ba4768276f7e628e"
    },
    {
        "index": 74,
        "timestamp": "2025-12-04 14:28:28.798820",
        "user_query": "Inserted SKU SKU73 from CSV",
        "sql_query": "INSERT operations for SKU SKU73",
        "previous_hash": "ba80c2d6022c5e4c7b4c821ca57347c578753133b7be2f35ba4768276f7e628e",
        "hash": "d4f0cda921bf948bfb49c7a07aca495cb80403adbc75cd7fe2a17a9fc9187e15"
    },
    {
        "index": 75,
        "timestamp": "2025-12-04 14:28:28.811963",
        "user_query": "Inserted SKU SKU74 from CSV",
        "sql_query": "INSERT operations for SKU SKU74",
        "previous_hash": "d4f0cda921bf948bfb49c7a07aca495cb80403adbc75cd7fe2a17a9fc9187e15",
        "hash": "6916c6a7f0d150cf539e70a2ce97721a171d8de03f1d4c8576b349cdf043e68f"
    },
    {
        "index": 76,
        "timestamp": "2025-12-04 14:28:28.836804",
        "user_query": "Inserted SKU SKU75 from CSV",
        "sql_query": "INSERT operations for SKU SKU75",
        "previous_hash": "6916c6a7f0d150cf539e70a2ce97721a171d8de03f1d4c8576b349cdf043e68f",
        "hash": "62a08450f8456868547c0ed85d81de1ded7f12a984392f68af6fcf1c05179947"
    },
    {
        "index": 77,
        "timestamp": "2025-12-04 14:28:28.851807",
        "user_query": "Inserted SKU SKU76 from CSV",
        "sql_query": "INSERT operations for SKU SKU76",
        "previous_hash": "62a08450f8456868547c0ed85d81de1ded7f12a984392f68af6fcf1c05179947",
        "hash": "88a8b1ff4c335101de634f024549b59f152e64236d32eb5917d3b13808cd60e5"
    },
    {
        "index": 78,
        "timestamp": "2025-12-04 14:28:28.871423",
        "user_query": "Inserted SKU SKU77 from CSV",
        "sql_query": "INSERT operations for SKU SKU77",
        "previous_hash": "88a8b1ff4c335101de634f024549b59f152e64236d32eb5917d3b13808cd60e5",
        "hash": "d8a584b10b3abd247cac349f004b97cba1478e54809dad4ac016a81c36b5e87f"
    },
    {
        "index": 79,
        "timestamp": "2025-12-04 14:28:28.889099",
        "user_query": "Inserted SKU SKU78 from CSV",
        "sql_query": "INSERT operations for SKU SKU78",
        "previous_hash": "d8a584b10b3abd247cac349f004b97cba1478e54809dad4ac016a81c36b5e87f",
        "hash": "11317c0a64505e82bf3dde4690805f9b4aa9184d4740bdbb4d427929a7eaab66"
    },
    {
        "index": 80,
        "timestamp": "2025-12-04 14:28:28.908599",
        "user_query": "Inserted SKU SKU79 from CSV",
        "sql_query": "INSERT operations for SKU SKU79",
        "previous_hash": "11317c0a64505e82bf3dde4690805f9b4aa9184d4740bdbb4d427929a7eaab66",
        "hash": "77766db3bea348bd4cac6e0daf17f75fc10edc525131409564b75e7d1f7e9744"
    },
    {
        "index": 81,
        "timestamp": "2025-12-04 14:28:28.925918",
        "user_query": "Inserted SKU SKU80 from CSV",
        "sql_query": "INSERT operations for SKU SKU80",
        "previous_hash": "77766db3bea348bd4cac6e0daf17f75fc10edc525131409564b75e7d1f7e9744",
        "hash": "6e983111365e142882badb85b6aad117ddb8623cb957ef8e0d43438a00347d63"
    },
    {
        "index": 82,
        "timestamp": "2025-12-04 14:28:28.947367",
        "user_query": "Inserted SKU SKU81 from CSV",
        "sql_query": "INSERT operations for SKU SKU81",
        "previous_hash": "6e983111365e142882badb85b6aad117ddb8623cb957ef8e0d43438a00347d63",
        "hash": "2a36c0e19d947e7df3b91eb8741e4ff3a2a3975ad8c2859015f625e5bafc7a08"
    },
    {
        "index": 83,
        "timestamp": "2025-12-04 14:28:28.967019",
        "user_query": "Inserted SKU SKU82 from CSV",
        "sql_query": "INSERT operations for SKU SKU82",
        "previous_hash": "2a36c0e19d947e7df3b91eb8741e4ff3a2a3975ad8c2859015f625e5bafc7a08",
        "hash": "800b3bdc6f4f67a1fe5adbdfeb0e7617e4bbb8055db9578ad4bf9950d3e83d58"
    },
    {
        "index": 84,
        "timestamp": "2025-12-04 14:28:28.986446",
        "user_query": "Inserted SKU SKU83 from CSV",
        "sql_query": "INSERT operations for SKU SKU83",
        "previous_hash": "800b3bdc6f4f67a1fe5adbdfeb0e7617e4bbb8055db9578ad4bf9950d3e83d58",
        "hash": "fbe680dd9a473c83d34582c794767c03eb8181029167e913b66d9421230dc922"
    },
    {
        "index": 85,
        "timestamp": "2025-12-04 14:28:29.002817",
        "user_query": "Inserted SKU SKU84 from CSV",
        "sql_query": "INSERT operations for SKU SKU84",
        "previous_hash": "fbe680dd9a473c83d34582c794767c03eb8181029167e913b66d9421230dc922",
        "hash": "13b8638c19d647a13dfd649688d65aef7d1da2053b555d8bed125db9e3bfb0af"
    },
    {
        "index": 86,
        "timestamp": "2025-12-04 14:28:29.020346",
        "user_query": "Inserted SKU SKU85 from CSV",
        "sql_query": "INSERT operations for SKU SKU85",
        "previous_hash": "13b8638c19d647a13dfd649688d65aef7d1da2053b555d8bed125db9e3bfb0af",
        "hash": "40a95aade0bc9c30850bc8527c97479e402c325a66e8cbddd76ff9efe7187f83"
    },
    {
        "index": 87,
        "timestamp": "2025-12-04 14:28:29.041589",
        "user_query": "Inserted SKU SKU86 from CSV",
        "sql_query": "INSERT operations for SKU SKU86",
        "previous_hash": "40a95aade0bc9c30850bc8527c97479e402c325a66e8cbddd76ff9efe7187f83",
        "hash": "be0d59226a5c7149702af019b04e4dd2dc74bf441d8ab0ce5e2d3164be5f901a"
    },
    {
        "index": 88,
        "timestamp": "2025-12-04 14:28:29.059016",
        "user_query": "Inserted SKU SKU87 from CSV",
        "sql_query": "INSERT operations for SKU SKU87",
        "previous_hash": "be0d59226a5c7149702af019b04e4dd2dc74bf441d8ab0ce5e2d3164be5f901a",
        "hash": "19b548b0766734a328a70bed851365e845974051c618d834a3671ccc02e158c2"
    },
    {
        "index": 89,
        "timestamp": "2025-12-04 14:28:29.076499",
        "user_query": "Inserted SKU SKU88 from CSV",
        "sql_query": "INSERT operations for SKU SKU88",
        "previous_hash": "19b548b0766734a328a70bed851365e845974051c618d834a3671ccc02e158c2",
        "hash": "4a86a19646444ded1387eb19ebb65e840046b693b8267bc583c9eeb232a2ea73"
    },
    {
        "index": 90,
        "timestamp": "2025-12-04 14:28:29.096154",
        "user_query": "Inserted SKU SKU89 from CSV",
        "sql_query": "INSERT operations for SKU SKU89",
        "previous_hash": "4a86a19646444ded1387eb19ebb65e840046b693b8267bc583c9eeb232a2ea73",
        "hash": "8c540fe157290b38b51ef24f7eb27381db5d07753e7f32dafa3056a311ea9fe3"
    },
    {
        "index": 91,
        "timestamp": "2025-12-04 14:28:29.114084",
        "user_query": "Inserted SKU SKU90 from CSV",
        "sql_query": "INSERT operations for SKU SKU90",
        "previous_hash": "8c540fe157290b38b51ef24f7eb27381db5d07753e7f32dafa3056a311ea9fe3",
        "hash": "79d8ce4b137723b36a89b43d6d3030fa48477aade1a89a12aebd751f9d014bc4"
    },
    {
        "index": 92,
        "timestamp": "2025-12-04 14:28:29.129660",
        "user_query": "Inserted SKU SKU91 from CSV",
        "sql_query": "INSERT operations for SKU SKU91",
        "previous_hash": "79d8ce4b137723b36a89b43d6d3030fa48477aade1a89a12aebd751f9d014bc4",
        "hash": "7fd8dced381d3535d2319beaa2f93a3d92ddff58211187a4f97109806b9c8e55"
    },
    {
        "index": 93,
        "timestamp": "2025-12-04 14:28:29.150274",
        "user_query": "Inserted SKU SKU92 from CSV",
        "sql_query": "INSERT operations for SKU SKU92",
        "previous_hash": "7fd8dced381d3535d2319beaa2f93a3d92ddff58211187a4f97109806b9c8e55",
        "hash": "5970942baae5e7516ad66a1b7279af039086d9c14156c68e2bee5de88254bab1"
    },
    {
        "index": 94,
        "timestamp": "2025-12-04 14:28:29.167590",
        "user_query": "Inserted SKU SKU93 from CSV",
        "sql_query": "INSERT operations for SKU SKU93",
        "previous_hash": "5970942baae5e7516ad66a1b7279af039086d9c14156c68e2bee5de88254bab1",
        "hash": "02858258aac28fce3e1312e0378e52b38bb3ca336b1848c61bd088c1fac22854"
    },
    {
        "index": 95,
        "timestamp": "2025-12-04 14:28:29.184938",
        "user_query": "Inserted SKU SKU94 from CSV",
        "sql_query": "INSERT operations for SKU SKU94",
        "previous_hash": "02858258aac28fce3e1312e0378e52b38bb3ca336b1848c61bd088c1fac22854",
        "hash": "040773f3842783c3c247b5bb0d272189862325b2e99cfaa683ff3e11f7aa5503"
    },
    {
        "index": 96,
        "timestamp": "2025-12-04 14:28:29.205727",
        "user_query": "Inserted SKU SKU95 from CSV",
        "sql_query": "INSERT operations for SKU SKU95",
        "previous_hash": "040773f3842783c3c247b5bb0d272189862325b2e99cfaa683ff3e11f7aa5503",
        "hash": "76f1fdf3f8c3464f9157e81283280485dd672d664112ac5ac7f74543fe8aa5a2"
    },
    {
        "index": 97,
        "timestamp": "2025-12-04 14:28:29.223699",
        "user_query": "Inserted SKU SKU96 from CSV",
        "sql_query": "INSERT operations for SKU SKU96",
        "previous_hash": "76f1fdf3f8c3464f9157e81283280485dd672d664112ac5ac7f74543fe8aa5a2",
        "hash": "b463f78736ec0604764a3a7a49bc20de1b3eeb305c9eb6c13759dfd94b7ce84e"
    },
    {
        "index": 98,
        "timestamp": "2025-12-04 14:28:29.250559",
        "user_query": "Inserted SKU SKU97 from CSV",
        "sql_query": "INSERT operations for SKU SKU97",
        "previous_hash": "b463f78736ec0604764a3a7a49bc20de1b3eeb305c9eb6c13759dfd94b7ce84e",
        "hash": "8cfe5ffb3f929654a3c52d6538bcc2d26168263fd30b8c0711fb05b7ce4209ea"
    },
    {
        "index": 99,
        "timestamp": "2025-12-04 14:28:29.271181",
        "user_query": "Inserted SKU SKU98 from CSV",
        "sql_query": "INSERT operations for SKU SKU98",
        "previous_hash": "8cfe5ffb3f929654a3c52d6538bcc2d26168263fd30b8c0711fb05b7ce4209ea",
        "hash": "531f6dfff18ef2ef9c947b82d90f8a00f0106e8f4ae7e6b6d987cd400f1a9863"
    },
    {
        "index": 100,
        "timestamp": "2025-12-04 14:28:29.289415",
        "user_query": "Inserted SKU SKU99 from CSV",
        "sql_query": "INSERT operations for SKU SKU99",
        "previous_hash": "531f6dfff18ef2ef9c947b82d90f8a00f0106e8f4ae7e6b6d987cd400f1a9863",
        "hash": "5569df59775a12d4dea17613a99392e00a09267b64583b1b6bd2f1fa04047022"
    }
]